"UNIQUE WORDs","FREQUENCY COUNT","CHARACTER COUNT"
"In","5","2"
"Service","3","7"
"and","2","3"
"Operational","2","11"
"Expenses","2","8"
"Customer","2","8"
"House","2","5"
"Marketing","2","9"
"Storage","1","7"
"Other","1","5"
"Support","1","7"
"Warehouse","1","9"
"budget","1","6"
"ZenDesk","1","7"
"based","1","5"
"Monthly","1","7"
"Total","1","5"
"transaction","1","11"
"Unicommerce","1","11"
"Licenses","1","8"
"Hosting","1","7"
"Software","1","8"
"SEM","1","3"
"DI","1","2"
"Pick","1","4"
"Production","1","10"
"Content","1","7"
"Manager","1","7"
"Copywriter","1","10"
"Pack","1","4"
"Outsource","1","9"
"2","1","1"
"Social","1","6"
"management","1","10"
"SEO","1","3"
"Online","1","6"
"1","1","1"
"Network","1","7"
